entity_type,entity,date,severity,score_combined_norm,rank_combined,score_isolation_forest,score_lof,rank_isolation_forest,rank_lof,top_contributors,contrib1_feature,contrib1_z,contrib1_value,contrib1_baseline_median,contrib2_feature,contrib2_z,contrib2_value,contrib2_baseline_median,contrib3_feature,contrib3_z,contrib3_value,contrib3_baseline_median,contrib4_feature,contrib4_z,contrib4_value,contrib4_baseline_median,contrib5_feature,contrib5_z,contrib5_value,contrib5_baseline_median
host,tmtp-000112,2025-12-31,critical,1.0,1.0,0.005842546625891454,116.72270777479227,1.0,1.0,"siem_unique_destination_addr:-2.70 (v=14, base=18); siem_unique_category:+2.22 (v=2, base=1); siem_unique_source_process:-1.57 (v=38, base=48); pan_share_of_all_events:-0.95 (v=0, base=0); siem_unique_event_class:-0.94 (v=9, base=12)",siem_unique_destination_addr,-2.697963037906381,14.0,18.0,siem_unique_category,2.22332674570829,2.0,1.0,siem_unique_source_process,-1.5738117721120555,38.0,48.5,pan_share_of_all_events,-0.9549383819426756,0.1451406103085734,0.23092243189547815,siem_unique_event_class,-0.9442870632672333,9.0,12.5
host,tmtp-000262,2025-12-31,high,0.1587369723917349,4.5,-0.19271918770763824,0.23551688748972932,7.0,2.0,"siem_unique_hours:-4.05 (v=7, base=13); siem_events_total:-2.93 (v=1520, base=2363); siem_unique_destination_addr:-1.35 (v=3, base=5); siem_unique_name:-0.67 (v=5, base=6); siem_unique_users:-0.67 (v=6, base=7)",siem_unique_hours,-4.046944556859572,7.0,13.0,siem_events_total,-2.9309057228802566,1520.0,2363.0,siem_unique_destination_addr,-1.3489815189531904,3.0,5.0,siem_unique_name,-0.6744907594765952,5.0,6.0,siem_unique_users,-0.6744907594765952,6.0,7.0
host,tmtp-000247,2025-12-31,high,0.1952859064061064,5.0,-0.1708290143662713,-0.09667002519802192,4.0,6.0,"siem_night_share:-35.01 (v=0, base=0); siem_business_share:+13.01 (v=1, base=0); siem_events_total:-9.92 (v=11324, base=19304); siem_unique_hours:-9.13 (v=14, base=24); siem_unique_source_process:+4.55 (v=51, base=38)",siem_night_share,-35.0058882219827,0.0,0.24071169218957267,siem_business_share,13.005278299923152,0.5921052631578947,0.3987721595130921,siem_events_total,-9.921541494236369,11324.0,19304.0,siem_unique_hours,-9.128709291752767,14.0,24.0,siem_unique_source_process,4.552812626467017,51.0,37.5
host,tmtp-003146,2025-12-31,low,0.03099504642784719,15.0,-0.26544737939346036,-0.1404162520933756,21.0,9.0,"siem_unique_source_process:-7.64 (v=28, base=45); siem_unique_users:-6.74 (v=3, base=8); siem_night_share:+4.08 (v=0, base=0); siem_events_total:-3.45 (v=1407, base=2866); siem_business_share:-2.30 (v=0, base=1)",siem_unique_source_process,-7.644228607401412,28.0,45.0,siem_unique_users,-6.7449075947659525,3.0,8.0,siem_night_share,4.0821703770783735,0.2430703624733475,0.12294084759366275,siem_events_total,-3.4480534621929624,1407.0,2866.5,siem_business_share,-2.2989942387697404,0.4442075337597725,0.6175836930521256
host,tmtp-000085,2025-12-31,low,0.03952748390505503,18.0,-0.25986597530383343,-0.4095123432246268,17.0,19.0,"siem_events_total:-0.65 (v=2137, base=2394); day_of_week:-0.34 (v=2, base=3); siem_unique_source_process:-0.34 (v=30, base=31); siem_business_share:+0.29 (v=1, base=1); siem_night_share:-0.23 (v=0, base=0)",siem_events_total,-0.6492761516456945,2137.0,2394.5,day_of_week,-0.3372453797382976,2.0,3.0,siem_unique_source_process,-0.3372453797382976,30.0,31.0,siem_business_share,0.2866387861274899,0.6663547028544688,0.6552758749022101,siem_night_share,-0.2295320557022251,0.1094992980814225,0.11550196542890084
host,tmtp-000392,2025-12-31,low,0.08014344102611792,18.5,-0.23623612658327825,-0.49559618063373745,10.0,27.0,"siem_business_share:-0.85 (v=0, base=0); siem_events_total:+0.74 (v=3953, base=3879); siem_night_share:+0.34 (v=0, base=0); day_of_week:-0.34 (v=2, base=3); is_weekend:+0.00 (v=0, base=0)",siem_business_share,-0.8529064248769435,0.3716164938021755,0.3788901312197661,siem_events_total,0.7394417215002673,3953.0,3879.0,siem_night_share,0.33798727334671264,0.2522135087275487,0.2496759231929246,day_of_week,-0.3372453797382976,2.0,3.0,is_weekend,0.0,0.0,0.0
host,cplus-0107994,2025-12-31,low,0.03997540272841097,19.0,-0.2594647751120545,-0.46763269802020213,15.0,23.0,"siem_events_total:+1.09 (v=727, base=628); siem_business_share:+0.78 (v=0, base=0); siem_unique_source_process:+0.67 (v=3, base=2); day_of_week:-0.34 (v=2, base=3); siem_night_share:-0.21 (v=0, base=0)",siem_events_total,1.0891367181712235,727.0,628.5,siem_business_share,0.7754469019983397,0.4250343878954608,0.40416979077864856,siem_unique_source_process,0.6744907594765952,3.0,2.5,day_of_week,-0.3372453797382976,2.0,3.0,siem_night_share,-0.21314945703610724,0.2462173314993122,0.2503968253968254
host,tmtp-004132,2025-12-31,low,0.02552578444519024,19.5,-0.2679621988235872,-0.4000800919877905,22.0,17.0,"siem_night_share:-0.35 (v=0, base=0); day_of_week:-0.34 (v=2, base=3); siem_events_total:-0.33 (v=635, base=658); siem_business_share:+0.04 (v=0, base=0); is_weekend:+0.00 (v=0, base=0)",siem_night_share,-0.3500094734882805,0.2125984251968504,0.2213794800785724,day_of_week,-0.3372453797382976,2.0,3.0,siem_events_total,-0.3300699461268445,635.0,658.0,siem_business_share,0.04000273969448847,0.3968503937007874,0.39564301877304725,is_weekend,0.0,0.0,0.0
host,tmtp-000323,2025-12-31,low,0.009708644860513744,20.0,-0.2772784452322336,-0.3201893417778454,26.0,14.0,"siem_night_share:+1.87 (v=0, base=0); siem_business_share:-1.47 (v=0, base=0); siem_events_total:-1.40 (v=2768, base=3426); siem_unique_destination_addr:-0.67 (v=4, base=5); siem_unique_source_process:-0.67 (v=31, base=33)",siem_night_share,1.867527648627661,0.2481936416184971,0.19710538445540932,siem_business_share,-1.4687010315184459,0.4017341040462427,0.49602373288581986,siem_events_total,-1.4011932839047752,2768.0,3425.5,siem_unique_destination_addr,-0.6744907594765952,4.0,5.0,siem_unique_source_process,-0.6744907594765952,31.0,33.0
host,tmtp-000907,2025-12-31,low,0.03713643891219087,20.0,-0.2611105324381894,-0.4640210161589088,18.0,22.0,"siem_night_share:+0.73 (v=0, base=0); siem_events_total:-0.37 (v=493, base=514); day_of_week:-0.34 (v=2, base=3); siem_business_share:+0.14 (v=0, base=0); is_weekend:+0.00 (v=0, base=0)",siem_night_share,0.7348558355732314,0.2373225152129817,0.2293325673837539,siem_events_total,-0.3679040506235974,493.0,514.0,day_of_week,-0.3372453797382976,2.0,3.0,siem_business_share,0.1425583645615335,0.4137931034482758,0.41102516095125474,is_weekend,0.0,0.0,0.0
host,tmtp-004135,2025-12-31,low,0.03943692533769076,20.0,-0.2597652097375499,-0.47171409849686485,16.0,24.0,"siem_unique_source_process:-2.25 (v=2, base=5); siem_unique_event_class:-1.83 (v=3, base=4); siem_unique_name:-1.68 (v=3, base=4); siem_unique_destination_addr:-1.35 (v=3, base=5); siem_business_share:-0.97 (v=0, base=0)",siem_unique_source_process,-2.2519421669563506,2.0,5.0,siem_unique_event_class,-1.8292495308606334,3.0,4.0,siem_unique_name,-1.6779552975519119,3.0,4.0,siem_unique_destination_addr,-1.3489815189531904,3.0,5.0,siem_business_share,-0.9716232671146678,0.4154929577464789,0.46189288910807896
host,tmtp-004018,2025-12-31,low,0.019402638134297052,21.0,-0.27147829554808556,-0.40591669588425994,24.0,18.0,"siem_night_share:+1.56 (v=0, base=0); siem_unique_destination_addr:-1.37 (v=3, base=4); siem_events_total:-0.43 (v=641, base=666); siem_business_share:-0.40 (v=0, base=0); day_of_week:-0.34 (v=2, base=3)",siem_night_share,1.5553452220007378,0.235569422776911,0.2071389960810222,siem_unique_destination_addr,-1.373754612497413,3.0,4.0,siem_events_total,-0.4299878591663295,641.0,666.5,siem_business_share,-0.3950574899779468,0.4087363494539781,0.42063636088679185,day_of_week,-0.3372453797382976,2.0,3.0
host,tmtp-003312,2025-12-31,low,0.015169214861913052,23.0,-0.27380094431806157,-0.45399173476344934,25.0,21.0,"siem_night_share:+2.07 (v=0, base=0); siem_business_share:-1.81 (v=0, base=1); siem_events_total:-1.75 (v=459, base=540); siem_unique_source_process:+0.67 (v=5, base=4); day_of_week:-0.34 (v=2, base=3)",siem_night_share,2.065150223548263,0.2135076252723311,0.18347567218061314,siem_business_share,-1.8116066304918488,0.4400871459694989,0.5004472271914132,siem_events_total,-1.745111012614048,459.0,540.5,siem_unique_source_process,0.6744907594765952,5.0,4.0,day_of_week,-0.3372453797382976,2.0,3.0
host,tmtp-000766,2025-12-31,low,7.695327802033338e-05,26.5,-0.2824448077515218,-0.47755551516702976,27.0,26.0,"siem_unique_name:+0.54 (v=6, base=5); siem_unique_source_process:+0.54 (v=38, base=36); day_of_week:-0.34 (v=2, base=3); siem_events_total:-0.27 (v=3040, base=3164); siem_night_share:+0.19 (v=0, base=0)",siem_unique_name,0.541320566338086,6.0,5.0,siem_unique_source_process,0.5395926075812761,38.0,36.0,day_of_week,-0.3372453797382976,2.0,3.0,siem_events_total,-0.26914775498344906,3040.0,3164.5,siem_night_share,0.18935303248275492,0.1990131578947368,0.1936706003803915
host,tmtp-000417,2025-12-31,medium,0.1668258298009779,10.5,-0.18668281066939946,-0.32256366156607874,6.0,15.0,"siem_unique_event_class:+4.24 (v=6, base=5); siem_events_total:-2.84 (v=1120, base=2232); siem_unique_users:+2.02 (v=8, base=5); siem_unique_source_process:+0.90 (v=37, base=33); siem_unique_hours:+0.79 (v=13, base=11)",siem_unique_event_class,4.242640687119285,6.0,5.0,siem_events_total,-2.842314279991334,1120.0,2232.5,siem_unique_users,2.023472278429786,8.0,5.0,siem_unique_source_process,0.8993210126354603,37.0,33.0,siem_unique_hours,0.7949245295900322,13.0,11.0
host,tmtp-000565,2025-12-31,medium,0.059033487692542644,10.5,-0.24929172686962503,-0.1361048110478773,13.0,8.0,"siem_unique_source_process:-4.18 (v=17, base=32); siem_business_share:-1.56 (v=0, base=1); siem_night_share:+1.40 (v=0, base=0); siem_events_total:-1.28 (v=1498, base=2601); siem_unique_users:-1.00 (v=3, base=4)",siem_unique_source_process,-4.181842708754891,17.0,32.5,siem_business_share,-1.5642782998628388,0.397196261682243,0.5443208625007033,siem_night_share,1.3965567356189532,0.2216288384512683,0.1607457174706863,siem_events_total,-1.2815905386781818,1498.0,2601.0,siem_unique_users,-1.0005752085606514,3.0,4.0
host,tmtp-000833,2025-12-31,medium,0.17995357795649444,10.5,-0.1789614769360095,-0.3844510393044469,5.0,16.0,"siem_unique_name:+1.37 (v=9, base=3); siem_unique_source_process:-1.14 (v=22, base=33); siem_night_share:+0.77 (v=0, base=0); siem_business_share:-0.68 (v=0, base=0); siem_unique_destination_addr:-0.67 (v=2, base=3)",siem_unique_name,1.3729275974248696,9.0,3.0,siem_unique_source_process,-1.1414459006526996,22.0,33.0,siem_night_share,0.7685304418279783,0.2458415726416191,0.23543755388221016,siem_business_share,-0.684536770133542,0.3801326043968826,0.4034083332982874,siem_unique_destination_addr,-0.6744907594765952,2.0,3.0
host,cplus-010620,2025-12-31,medium,0.12100179134626551,11.0,-0.21320263831676034,-0.28237264104010396,9.0,13.0,"siem_business_share:+1.00 (v=0, base=0); siem_unique_destination_addr:-0.67 (v=2, base=3); siem_events_total:-0.56 (v=4314, base=4329); day_of_week:-0.34 (v=2, base=3); siem_night_share:-0.03 (v=0, base=0)",siem_business_share,0.9957242534982212,0.3820120537783959,0.37781142706111737,siem_unique_destination_addr,-0.6744907594765952,2.0,3.0,siem_events_total,-0.5620756328971627,4314.0,4329.0,day_of_week,-0.3372453797382976,2.0,3.0,siem_night_share,-0.033773772235370196,0.2508113120074177,0.25092309479479613
host,tmtp-000224,2025-12-31,medium,0.06206615224967632,11.0,-0.24748318786029222,-0.16049335651644991,12.0,10.0,"siem_unique_users:+2.02 (v=7, base=4); siem_unique_destination_addr:+0.67 (v=5, base=4); siem_unique_name:+0.67 (v=5, base=4); siem_night_share:+0.64 (v=0, base=0); siem_events_total:+0.64 (v=2571, base=2031)",siem_unique_users,2.023472278429786,7.0,4.0,siem_unique_destination_addr,0.6744907594765952,5.0,4.0,siem_unique_name,0.6744907594765952,5.0,4.0,siem_night_share,0.6415111972523622,0.2913263321664722,0.168348623853211,siem_events_total,0.6367570106946878,2571.0,2031.0
host,tmtp-000187,2025-12-31,medium,0.03630470015290198,11.5,-0.26263917465927744,-0.037461572771893215,19.0,4.0,"siem_night_share:+3.65 (v=0, base=0); siem_unique_source_process:-2.95 (v=16, base=34); siem_events_total:-2.75 (v=1645, base=2498); siem_business_share:-2.61 (v=0, base=1); siem_unique_name:-0.67 (v=5, base=6)",siem_night_share,3.6502450549486665,0.2601823708206687,0.17679056151668454,siem_unique_source_process,-2.950897072710104,16.0,33.5,siem_events_total,-2.7544395369056174,1645.0,2498.5,siem_business_share,-2.6122552071133245,0.3896656534954407,0.5306833058828497,siem_unique_name,-0.6744907594765952,5.0,6.0
host,tmtp-000282,2025-12-31,medium,0.04136187015669071,12.5,-0.25931320484838044,-0.20422279634632723,14.0,11.0,"siem_night_share:+4.97 (v=0, base=0); siem_business_share:-2.81 (v=0, base=0); siem_events_total:-2.59 (v=2793, base=4630); siem_unique_event_class:-2.04 (v=5, base=6); siem_unique_destination_addr:-1.35 (v=4, base=6)",siem_night_share,4.969828259865484,0.2796276405298962,0.20418862724420767,siem_business_share,-2.8119183860785557,0.3748657357679914,0.46572428893506834,siem_events_total,-2.5901290920339473,2793.0,4630.5,siem_unique_event_class,-2.0402645480028614,5.0,6.0,siem_unique_destination_addr,-1.3489815189531904,4.0,6.0
host,tmtp-003213,2025-12-31,medium,0.4940889841415597,13.5,0.0023869798590561153,-0.4763132613741219,2.0,25.0,"siem_night_share:+3.00 (v=0, base=0); siem_unique_name:+2.25 (v=15, base=10); siem_unique_event_class:-1.92 (v=7, base=8); siem_events_total:-1.58 (v=25639, base=33169); pan_night_share:+1.32 (v=0, base=0)",siem_night_share,3.00392341899347,0.2508288154764226,0.19380356810927768,siem_unique_name,2.2483025315886507,15.0,10.0,siem_unique_event_class,-1.9200105931911167,7.0,8.0,siem_events_total,-1.578773832408692,25639.0,33169.0,pan_night_share,1.3155228471782345,0.2659069325735992,0.22245222624981942
host,tmtp-003672,2025-12-31,medium,0.03233718108781425,13.5,-0.2647651676302478,-0.10315963322411958,20.0,7.0,"siem_events_total:-3.55 (v=1439, base=3496); siem_unique_users:-2.70 (v=3, base=7); siem_night_share:+2.52 (v=0, base=0); siem_unique_source_process:-2.02 (v=30, base=36); siem_business_share:-1.89 (v=0, base=1)",siem_events_total,-3.549270428703567,1439.0,3496.5,siem_unique_users,-2.697963037906381,3.0,7.0,siem_night_share,2.520655939596706,0.2466990965948575,0.1920602214831012,siem_unique_source_process,-2.023472278429786,30.0,36.0,siem_business_share,-1.8882401637238198,0.3891591382904795,0.5155410293509715
host,tmtp-000143,2025-12-31,medium,0.022663574430037133,14.0,-0.2703668610600069,-0.09334568129140797,23.0,5.0,"siem_events_total:-2.60 (v=1479, base=2541); siem_unique_source_process:-2.43 (v=16, base=34); siem_night_share:+2.22 (v=0, base=0); siem_unique_event_class:-2.01 (v=5, base=6); siem_business_share:-1.75 (v=0, base=1)",siem_events_total,-2.6000333450604143,1479.0,2541.0,siem_unique_source_process,-2.428166734115743,16.0,34.0,siem_night_share,2.2211996768676676,0.2190669371196754,0.13682977511994684,siem_unique_event_class,-2.006932429798716,5.0,6.0,siem_business_share,-1.7493287909796813,0.4300202839756592,0.5770097513738398
host,tmtp-003612,2025-12-31,medium,0.14242601280130254,14.0,-0.2004818627445114,-0.43204755638181225,8.0,20.0,"siem_events_total:-2.46 (v=1671, base=2739); siem_business_share:+2.42 (v=1, base=1); siem_unique_hours:-1.69 (v=12, base=17); siem_unique_destination_addr:-1.35 (v=3, base=5); siem_unique_name:-0.67 (v=5, base=6)",siem_events_total,-2.458553348535849,1671.0,2739.0,siem_business_share,2.4152845096612814,0.7360861759425493,0.567830154731918,siem_unique_hours,-1.6862268986914881,12.0,17.0,siem_unique_destination_addr,-1.3489815189531904,3.0,5.0,siem_unique_name,-0.6744907594765952,5.0,6.5
host,tmtp-000177,2025-12-31,medium,0.07189857981707662,7.0,-0.2421391873210592,-0.02829534882199991,11.0,3.0,"siem_unique_event_class:-2.32 (v=5, base=6); siem_night_share:+2.15 (v=0, base=0); siem_unique_name:-2.02 (v=5, base=6); siem_business_share:-1.97 (v=0, base=1); siem_events_total:-0.84 (v=2507, base=2794)",siem_unique_event_class,-2.3245917293310954,5.0,6.0,siem_night_share,2.1465352016986046,0.3230953330674112,0.19755046834906081,siem_unique_name,-2.023472278429786,5.0,6.5,siem_business_share,-1.9652802691842441,0.4120462704427602,0.5148421096753788,siem_events_total,-0.8401808808262805,2507.0,2793.5
host,tmtp-005278,2025-12-31,medium,0.21797686724499685,7.5,-0.1573271688030216,-0.2669597181408525,3.0,12.0,"siem_night_share:-5.29 (v=0, base=0); siem_events_total:-4.99 (v=285, base=496); siem_business_share:+4.64 (v=1, base=0); siem_unique_destination_addr:-3.73 (v=3, base=5); siem_unique_hours:-3.03 (v=12, base=24)",siem_night_share,-5.293243363111531,0.0,0.20463709677419356,siem_events_total,-4.993598254370582,285.0,496.0,siem_business_share,4.636697611253538,0.6491228070175439,0.472764898847837,siem_unique_destination_addr,-3.726498685472758,3.0,5.0,siem_unique_hours,-3.033325722383195,12.0,24.0
